fecha,volumen,peso medio,temperatura,kgpienso,tipo,info pienso,densidad,bajas,dosisporpezind,densidad biomasa,,
26/07/2017,30,"17,7","20,5","0,00",Mar-Perla MP-L,,4000,,0,"2,36","70,8",0
27/07/2017,30,"17,7","20,5","1,00",Mar-Perla MP-T,,4000,,"0,25","2,36","70,8","1,41242937853107"
28/07/2017,30,"17,7","20,5","1,00",Mar-Perla MP-T,,4000,,"0,25","2,36","70,8","1,41242937853107"
29/07/2017,30,"17,7","20,5","1,00",Mar-Perla MP-T,,4000,,"0,25","2,36","70,8","1,41242937853107"
30/07/2017,30,"17,7","20,5","1,00",Mar-Perla MP-T,,4000,,"0,25","2,36","70,8","1,41242937853107"
31/07/2017,30,"17,7","20,8","1,00",Mar-Perla MP-T,,4000,,"0,25","2,36","70,8","1,41242937853107"
01/08/2017,30,"17,7","20,5","0,00",Mar-Perla MP-T,,4000,,0,"2,36","70,8",0
02/08/2017,30,"17,7","20,5","4,00",Mar-Perla MP-T,,4000,,1,"2,36","70,8","5,64971751412429"
03/08/2017,30,"17,7","20,5","5,00",Mar-Perla MP-T,,4000,,"1,25","2,36","70,8","7,06214689265537"
04/08/2017,30,"17,7","20,5","5,00",Mar-Perla MP-T,,4000,,"1,25","2,36","70,8","7,06214689265537"
05/08/2017,30,"17,7","20,8","3,00",Mar-Perla MP-T,,4000,,"0,75","2,36","70,8","4,23728813559322"
06/08/2017,30,"17,7",21,"2,00",Mar-Perla MP-T,,4000,,"0,5","2,36","70,8","2,82485875706215"
07/08/2017,30,"17,7",21,"1,15",Mar-Perla MP-T,,4000,,"0,2875","2,36","70,8","1,62429378531073"
08/08/2017,30,"17,7","20,8","2,27",Mar-Perla MP-T,,4000,,"0,5675","2,36","70,8","3,20621468926554"
09/08/2017,30,"17,7",21,"0,06",Mar-Perla MP-T,,4000,,"0,015","2,36","70,8","0,084745762711864"
10/08/2017,30,"17,7","20,4","5,00",Mar-Perla MP-T,,4000,,"1,25","2,36","70,8","7,06214689265537"
11/08/2017,30,"17,7","20,5","3,00",Mar-Perla MP-T,,4000,,"0,75","2,36","70,8","4,23728813559322"
12/08/2017,30,"17,7","20,5","5,00",Mar-Perla MP-T,,4000,,"1,25","2,36","70,8","7,06214689265537"
13/08/2017,30,"17,7","20,5","5,00",Mar-Perla MP-T,,4000,,"1,25","2,36","70,8","7,06214689265537"
14/08/2017,30,"17,7","20,5","1,50",Mar-Perla MP-T,,4000,,"0,375","2,36","70,8","2,11864406779661"
15/08/2017,30,"17,7","20,5","5,05",Mar-Perla MP-T,,4000,,"1,2625","2,36","70,8","7,13276836158192"
16/08/2017,30,"17,7","21,2","2,03",Mar-Perla MP-T,,4000,,"0,5075","2,36","70,8","2,86723163841808"
17/08/2017,30,"17,7","20,9","2,39",Mar-Perla MP-T,,4000,,"0,5975","2,36","70,8","3,37570621468927"
18/08/2017,30,"17,7","20,6","3,24",Mar-Perla MP-T,,4000,,"0,81","2,36","70,8","4,57627118644068"
19/08/2017,30,"17,7","20,4","3,44",Mar-Perla MP-T,,4000,,"0,86","2,36","70,8","4,85875706214689"
20/08/2017,30,"17,7","20,5","1,48",Mar-Perla MP-T,,4000,,"0,37","2,36","70,8","2,09039548022599"
21/08/2017,30,"17,7","20,5","1,33",Mar-Perla MP-T,,4000,,"0,3325","2,36","70,8","1,87853107344633"
22/08/2017,30,"17,7","20,5","1,53",Mar-Perla MP-T,,4000,,"0,3825","2,36","70,8","2,16101694915254"
23/08/2017,30,"17,7","20,5","1,68",Mar-Perla MP-T,,4000,,"0,42","2,36","70,8","2,3728813559322"
24/08/2017,30,"17,7","20,5","1,74",Mar-Perla MP-T,,4000,,"0,435","2,36","70,8","2,45762711864407"
25/08/2017,30,"17,7","20,8","3,11",Intro Plus MT 1.9,,4000,,"0,7775","2,36","70,8","4,39265536723164"
26/08/2017,30,"17,7",21,"3,22",Intro Plus MT 1.9,,4000,,"0,805","2,36","70,8","4,54802259887006"
27/08/2017,30,"17,7",21,"3,22",Intro Plus MT 1.9,,4000,,"0,805","2,36","70,8","4,54802259887006"
28/08/2017,30,"17,7","20,5","3,31",Intro Plus MT 1.9,,4000,,"0,8275","2,36","70,8","4,67514124293785"
29/08/2017,30,"17,7","20,5","3,41",Intro Plus MT 1.9,,4000,,"0,8525","2,36","70,8","4,81638418079096"
30/08/2017,30,"17,7","20,5","11,38",Intro Plus MT 1.9,,4000,,"2,845","2,36","70,8","16,0734463276836"
31/08/2017,30,"17,7",21,"3,47",Intro Plus MT 1.9,,4000,,"0,8675","2,36","70,8","4,90112994350283"
01/09/2017,50,"37,4",,"1,21",Intro Plus MT 1.9,,4000,,"0,3025","2,992","149,6","0,808823529411765"
02/09/2017,50,"37,4",,"8,28",Intro Plus MT 1.9,,4000,,"2,07","2,992","149,6","5,53475935828877"
03/09/2017,50,"37,4",,"8,59",Intro Plus MT 1.9,,4000,,"2,1475","2,992","149,6","5,74197860962567"
04/09/2017,50,"37,4",,"3,01",Intro Plus MT 1.9,,4000,,"0,7525","2,992","149,6","2,0120320855615"
05/09/2017,50,"37,4",,"7,78",Intro Plus MT 1.9,,4000,,"1,945","2,992","149,6","5,20053475935829"
06/09/2017,50,"37,4",,"2,91",Intro Plus MT 1.9,,4000,,"0,7275","2,992","149,6","1,9451871657754"
07/09/2017,50,"37,4",,"2,62",Intro Plus MT 1.9,,4000,,"0,655","2,992","149,6","1,75133689839572"
08/09/2017,50,"37,4",,"1,97",Intro Plus MT 1.9,,4000,,"0,4925","2,992","149,6","1,3168449197861"
09/09/2017,50,"37,4",,"1,98",Intro Plus MT 1.9,,4000,,"0,495","2,992","149,6","1,32352941176471"
10/09/2017,50,"37,4",,"1,98",Intro Plus MT 1.9,,4000,,"0,495","2,992","149,6","1,32352941176471"
11/09/2017,50,"37,4",,"2,32",Intro Plus MT 1.9,,4000,,"0,58","2,992","149,6","1,55080213903743"
12/09/2017,50,"37,4",,"2,22",Intro Plus MT 1.9,,4000,,"0,555","2,992","149,6","1,48395721925134"
13/09/2017,50,"37,4",,"2,08",Intro Plus MT 1.9,,4000,,"0,52","2,992","149,6","1,3903743315508"
14/09/2017,50,"37,4",,"0,00",Intro Plus MT 1.9,,4000,,0,"2,992","149,6",0
15/09/2017,50,"37,4",,"0,00",Intro Plus MT 1.9,,3909,,0,"2,923932","146,1966",0
16/09/2017,50,"37,4",,"0,00",Intro Plus MT 1.9,,3909,,0,"2,923932","146,1966",0
17/09/2017,50,"37,4",,"0,00",Intro Plus MT 1.9,,3909,,0,"2,923932","146,1966",0
18/09/2017,50,"37,4",,"0,00",Intro Plus MT 1.9,,3909,,0,"2,923932","146,1966",0
19/09/2017,"0,5","37,4",21,"0,75",Mar-Protec MP-T,,454,,"1,65198237885463","33,9592","16,9796","4,41706518410328"
19/09/2017,"0,5","37,4",21,"0,60",Mar-Protec MP-T,,454,,"1,3215859030837","33,9592","16,9796","3,53365214728262"
20/09/2017,"0,5","37,4","19,5","0,32",Mar-Protec MP-T,,454,,"0,704845814977974","33,9592","16,9796","1,88461447855073"
20/09/2017,"0,5","37,4","19,5","0,30",Mar-Protec MP-T,,454,,"0,66079295154185","33,9592","16,9796","1,76682607364131"
21/09/2017,"0,5","37,4","19,5","0,60",Mar-Protec MP-T,,454,,"1,3215859030837","33,9592","16,9796","3,53365214728262"
21/09/2017,"0,5","37,4","19,5","0,60",Mar-Protec MP-T,,454,,"1,3215859030837","33,9592","16,9796","3,53365214728262"
22/09/2017,"0,5","37,4","19,8","0,70",Mar-Protec MP-T,,454,,"1,54185022026432","33,9592","16,9796","4,12259417182973"
22/09/2017,"0,5","37,4","19,8","0,65",Mar-Protec MP-T,,454,,"1,43171806167401","33,9592","16,9796","3,82812315955617"
23/09/2017,"0,5","37,4","19,5","1,00",Mar-Protec MP-T,,454,,"2,20264317180617","33,9592","16,9796","5,88942024547104"
23/09/2017,"0,5","37,4","19,5","1,00",Mar-Protec MP-T,,454,,"2,20264317180617","33,9592","16,9796","5,88942024547104"
24/09/2017,"0,5","37,4","19,5","0,10",Mar-Protec MP-T,,454,,"0,220264317180617","33,9592","16,9796","0,588942024547104"
24/09/2017,"0,5","37,4","19,5","0,10",Mar-Protec MP-T,,454,,"0,220264317180617","33,9592","16,9796","0,588942024547104"
25/09/2017,"0,5","37,4","19,7","0,35",Mar-Protec MP-T,,454,,"0,770925110132159","33,9592","16,9796","2,06129708591486"
25/09/2017,"0,5","37,4","19,7","0,36",Mar-Protec MP-T,,454,,"0,79295154185022","33,9592","16,9796","2,12019128836957"
26/09/2017,"0,5","37,4","19,9","1,00",Mar-Protec MP-T,,454,,"2,20264317180617","33,9592","16,9796","5,88942024547104"
26/09/2017,"0,5","37,4","19,9","1,00",Mar-Protec MP-T,,454,,"2,20264317180617","33,9592","16,9796","5,88942024547104"
27/09/2017,"0,5","37,4","19,8","0,35",Mar-Protec MP-T,,454,,"0,770925110132159","33,9592","16,9796","2,06129708591486"
27/09/2017,"0,5","37,4","19,8","0,36",Mar-Protec MP-T,,454,,"0,79295154185022","33,9592","16,9796","2,12019128836957"
28/09/2017,"0,5","37,4","19,7","0,35",Mar-Perla MP-T,,454,,"0,770925110132159","33,9592","16,9796","2,06129708591486"
28/09/2017,"0,5","37,4","19,7","0,36",Mar-Perla MP-T,,454,,"0,79295154185022","33,9592","16,9796","2,12019128836957"
29/09/2017,"0,5","37,4","19,8","1,20",Mar-Perla MP-T,,454,,"2,6431718061674","33,9592","16,9796","7,06730429456524"
29/09/2017,"0,5","37,4","19,8","1,10",Mar-Perla MP-T,,454,,"2,42290748898678","33,9592","16,9796","6,47836227001814"
30/09/2017,"0,5","37,4","19,5","1,40",Mar-Perla MP-T,,454,,"3,08370044052863","33,9592","16,9796","8,24518834365945"
30/09/2017,"0,5","37,4","19,5","1,20",Mar-Perla MP-T,,454,,"2,6431718061674","33,9592","16,9796","7,06730429456524"
01/10/2017,"0,5","82,3","19,5","1,50",Mar-Perla MP-T,,454,,"3,30396475770925","74,7284","37,3642","4,01453798020565"
01/10/2017,"0,5","82,3","19,5","1,40",Mar-Perla MP-T,,454,,"3,08370044052863","74,7284","37,3642","3,74690211485861"
02/10/2017,"0,5","82,3","19,5","1,50",Mar-Perla MP-T,,454,,"3,30396475770925","74,7284","37,3642","4,01453798020565"
02/10/2017,"0,5","82,3","19,5","1,50",Mar-Perla MP-T,,454,,"3,30396475770925","74,7284","37,3642","4,01453798020565"
03/10/2017,"0,5","82,3","19,8","1,40",Mar-Perla MP-T,,454,,"3,08370044052863","74,7284","37,3642","3,74690211485861"
03/10/2017,"0,5","82,3","19,8","1,40",Mar-Perla MP-T,,454,,"3,08370044052863","74,7284","37,3642","3,74690211485861"
04/10/2017,"0,5","82,3","19,8","1,50",Mar-Perla MP-T,,454,,"3,30396475770925","74,7284","37,3642","4,01453798020565"
04/10/2017,"0,5","82,3","19,8","1,50",Mar-Perla MP-T,,454,,"3,30396475770925","74,7284","37,3642","4,01453798020565"
05/10/2017,"0,5","82,3","19,8","1,50",Mar-Perla MP-T,,454,,"3,30396475770925","74,7284","37,3642","4,01453798020565"
05/10/2017,"0,5","82,3","19,80","1,50",Mar-Perla MP-T,,454,,"3,30396475770925","74,7284","37,3642","4,01453798020565"
06/10/2017,"0,5","82,3","19,20","1,20",D-2 Optibream AE 1,,454,,"2,6431718061674","74,7284","37,3642","3,21163038416452"
06/10/2017,"0,5","82,3","19,20","1,00",D-2 Optibream AE 1,,454,,"2,20264317180617","74,7284","37,3642","2,67635865347043"
07/10/2017,"0,5","82,3","19,50","1,50",D-2 Optibream AE 1,,454,,"3,30396475770925","74,7284","37,3642","4,01453798020565"
07/10/2017,"0,5","82,3","19,50","1,50",D-2 Optibream AE 1,,454,,"3,30396475770925","74,7284","37,3642","4,01453798020565"
08/10/2017,"0,5","82,3","19,30","1,30",D-2 Optibream AE 1,,454,,"2,86343612334802","74,7284","37,3642","3,47926624951156"
08/10/2017,"0,5","82,3","19,30","1,20",D-2 Optibream AE 1,,454,,"2,6431718061674","74,7284","37,3642","3,21163038416452"
09/10/2017,"0,5","82,3","19,50","1,50",D-2 Optibream AE 1,,454,,"3,30396475770925","74,7284","37,3642","4,01453798020565"
09/10/2017,"0,5","82,3","19,50","1,40",D-2 Optibream AE 1,,454,,"3,08370044052863","74,7284","37,3642","3,74690211485861"
10/10/2017,"0,5","82,3","19,30","1,30",D-2 Optibream AE 1,,454,,"2,86343612334802","74,7284","37,3642","3,47926624951156"
10/10/2017,"0,5","82,3","19,30","1,20",D-2 Optibream AE 1,,454,,"2,6431718061674","74,7284","37,3642","3,21163038416452"
11/10/2017,"0,5","82,3","19,30","1,50",D-2 Optibream AE 1,,454,,"3,30396475770925","74,7284","37,3642","4,01453798020565"
11/10/2017,"0,5","82,3","19,30","1,40",D-2 Optibream AE 1,,454,,"3,08370044052863","74,7284","37,3642","3,74690211485861"
12/10/2017,"0,5","82,3","20,00","1,50",D-2 Optibream AE 1,,454,,"3,30396475770925","74,7284","37,3642","4,01453798020565"
12/10/2017,"0,5","82,3","20,00","1,50",D-2 Optibream AE 1,,454,,"3,30396475770925","74,7284","37,3642","4,01453798020565"
13/10/2017,"0,5","82,3","20,00","1,50",D-2 Optibream AE 1,,454,,"3,30396475770925","74,7284","37,3642","4,01453798020565"
13/10/2017,"0,5","82,3","20,00","1,50",D-2 Optibream AE 1,,454,,"3,30396475770925","74,7284","37,3642","4,01453798020565"
14/10/2017,"0,5","82,3","19,50","1,50",D-2 Optibream AE 1,,454,,"3,30396475770925","74,7284","37,3642","4,01453798020565"
14/10/2017,"0,5","82,3","19,50","1,50",D-2 Optibream AE 1,,454,,"3,30396475770925","74,7284","37,3642","4,01453798020565"
15/10/2017,"0,5","82,3","19,80","1,50",D-2 Optibream AE 1,,454,,"3,30396475770925","74,7284","37,3642","4,01453798020565"
15/10/2017,"0,5","82,3","19,80","1,50",D-2 Optibream AE 1,,454,,"3,30396475770925","74,7284","37,3642","4,01453798020565"
16/10/2017,"0,5","82,3","19,80","1,50",D-2 Optibream AE 1,,454,,"3,30396475770925","74,7284","37,3642","4,01453798020565"
16/10/2017,"0,5","82,3","19,80","1,50",D-2 Optibream AE 1,,454,,"3,30396475770925","74,7284","37,3642","4,01453798020565"
17/10/2017,"0,5","82,3","19,80","1,50",D-2 Optibream AE 1,,454,,"3,30396475770925","74,7284","37,3642","4,01453798020565"
17/10/2017,"0,5","82,3","19,80","1,50",D-2 Optibream AE 1,,454,,"3,30396475770925","74,7284","37,3642","4,01453798020565"
18/10/2017,"0,5","82,3","19,50","1,40",D-2 Optibream AE 1,,454,,"3,08370044052863","74,7284","37,3642","3,74690211485861"
18/10/2017,"0,5","82,3","19,50","1,50",D-2 Optibream AE 1,,454,,"3,30396475770925","74,7284","37,3642","4,01453798020565"
19/10/2017,"0,5","82,3","19,50","1,50",D-2 Optibream AE 1,,454,,"3,30396475770925","74,7284","37,3642","4,01453798020565"
19/10/2017,"0,5","82,3","19,50","1,50",D-2 Optibream AE 1,,454,,"3,30396475770925","74,7284","37,3642","4,01453798020565"
20/10/2017,"0,5","82,3","19,30","1,20",D-2 Optibream AE 1,,454,,"2,6431718061674","74,7284","37,3642","3,21163038416452"
20/10/2017,"0,5","82,3","19,30","1,30",D-2 Optibream AE 1,,454,,"2,86343612334802","74,7284","37,3642","3,47926624951156"
21/10/2017,"0,5","82,3","19,70","0,90",D-2 Optibream AE 1,,454,,"1,98237885462555","74,7284","37,3642","2,40872278812339"
21/10/2017,"0,5","82,3","19,70","0,90",D-2 Optibream AE 1,,454,,"1,98237885462555","74,7284","37,3642","2,40872278812339"
22/10/2017,"0,5","82,3","19,70","1,00",D-2 Optibream AE 1,,454,,"2,20264317180617","74,7284","37,3642","2,67635865347043"
22/10/2017,"0,5","82,3","19,70","1,00",D-2 Optibream AE 1,,454,,"2,20264317180617","74,7284","37,3642","2,67635865347043"
23/10/2017,"0,5","82,3","19,60","0,90",D-2 Optibream AE 1,,454,,"1,98237885462555","74,7284","37,3642","2,40872278812339"
23/10/2017,"0,5","82,3","19,60","0,90",D-2 Optibream AE 1,,454,,"1,98237885462555","74,7284","37,3642","2,40872278812339"
24/10/2017,"0,5","82,3","19,50","0,80",D-2 Optibream AE 1,,454,,"1,76211453744493","74,7284","37,3642","2,14108692277635"
24/10/2017,"0,5","82,3","19,50","0,80",D-2 Optibream AE 1,,454,,"1,76211453744493","74,7284","37,3642","2,14108692277635"
25/10/2017,"0,5","82,3","19,60","1,30",D-2 Optibream AE 1,,454,,"2,86343612334802","74,7284","37,3642","3,47926624951156"
25/10/2017,"0,5","82,3","19,60","1,30",D-2 Optibream AE 1,,454,,"2,86343612334802","74,7284","37,3642","3,47926624951156"
26/10/2017,"0,5","82,3","19,60","1,40",D-2 Optibream AE 1,,454,,"3,08370044052863","74,7284","37,3642","3,74690211485861"
26/10/2017,"0,5","82,3","19,60","1,40",D-2 Optibream AE 1,,454,,"3,08370044052863","74,7284","37,3642","3,74690211485861"
27/10/2017,"0,5","82,3","19,20","1,20",D-2 Optibream AE 1,,454,,"2,6431718061674","74,7284","37,3642","3,21163038416452"
27/10/2017,"0,5","82,3","19,20","1,20",D-2 Optibream AE 1,,454,,"2,6431718061674","74,7284","37,3642","3,21163038416452"
28/10/2017,"0,5","82,3","18,60","1,20",D-2 Optibream AE 1,,454,,"2,6431718061674","74,7284","37,3642","3,21163038416452"
28/10/2017,"0,5","82,3","18,60","1,20",D-2 Optibream AE 1,,454,,"2,6431718061674","74,7284","37,3642","3,21163038416452"
29/10/2017,"0,5","82,3","18,70","1,20",D-2 Optibream AE 1,,454,,"2,6431718061674","74,7284","37,3642","3,21163038416452"
29/10/2017,"0,5","82,3","18,70","1,20",D-2 Optibream AE 1,,454,,"2,6431718061674","74,7284","37,3642","3,21163038416452"
30/10/2017,"0,5","82,3","19,40","1,40",D-2 Optibream AE 1,,454,,"3,08370044052863","74,7284","37,3642","3,74690211485861"
30/10/2017,"0,5","82,3","19,40","1,40",D-2 Optibream AE 1,,454,,"3,08370044052863","74,7284","37,3642","3,74690211485861"
31/10/2017,"0,5","82,3","19,60","1,30",D-2 Optibream AE 1,,441,,"2,94784580498866","72,5886","36,2943","3,58182965369218"
31/10/2017,"0,5","82,3","19,60","1,30",D-2 Optibream AE 1,,441,,"2,94784580498866","72,5886","36,2943","3,58182965369218"
01/11/2017,"0,5","96,5","19,50","1,20",D-2 Optibream AE 1,,441,,"2,72108843537415","85,113","42,5565","2,81978076204575"
01/11/2017,"0,5","96,5","19,50","1,20",D-2 Optibream AE 1,,441,,"2,72108843537415","85,113","42,5565","2,81978076204575"
02/11/2017,"0,5","96,5","19,40","1,10",D-2 Optibream AE 1,,441,,"2,49433106575964","85,113","42,5565","2,58479903187527"
02/11/2017,"0,5","96,5","19,40","1,20",D-2 Optibream AE 1,,441,,"2,72108843537415","85,113","42,5565","2,81978076204575"
03/11/2017,"0,5","96,5","19,70","1,10",D-2 Optibream AE 1,,441,,"2,49433106575964","85,113","42,5565","2,58479903187527"
03/11/2017,"0,5","96,5","19,70","1,30",D-2 Optibream AE 1,,441,,"2,94784580498866","85,113","42,5565","3,05476249221623"
04/11/2017,"0,5","96,5","19,50","1,20",D-2 Optibream AE 1,,441,,"2,72108843537415","85,113","42,5565","2,81978076204575"
04/11/2017,"0,5","96,5","19,50","1,20",D-2 Optibream AE 1,,441,,"2,72108843537415","85,113","42,5565","2,81978076204575"
05/11/2017,"0,5","96,5","19,00","0,30",D-2 Optibream AE 1,,441,,"0,680272108843537","85,113","42,5565","0,704945190511438"
05/11/2017,"0,5","96,5","19,00","0,30",D-2 Optibream AE 1,,441,,"0,680272108843537","85,113","42,5565","0,704945190511438"
06/11/2017,"0,5","96,5","19,00","0,20",D-2 Optibream AE 1,,441,,"0,453514739229025","85,113","42,5565","0,469963460340958"
06/11/2017,"0,5","96,5","19,00","0,20",D-2 Optibream AE 1,,441,,"0,453514739229025","85,113","42,5565","0,469963460340958"
07/11/2017,"0,5","96,5","19,00","0,60",D-2 Optibream AE 1,,441,,"1,36054421768708","85,113","42,5565","1,40989038102288"
07/11/2017,"0,5","96,5","19,00","0,60",D-2 Optibream AE 1,,441,,"1,36054421768708","85,113","42,5565","1,40989038102288"
08/11/2017,"0,5","96,5","19,50","1,20",D-2 Optibream AE 1,,441,,"2,72108843537415","85,113","42,5565","2,81978076204575"
08/11/2017,"0,5","96,5","19,50","1,20",D-2 Optibream AE 1,,441,,"2,72108843537415","85,113","42,5565","2,81978076204575"
09/11/2017,"0,5","96,5","19,50","1,20",D-2 Optibream AE 1,,441,,"2,72108843537415","85,113","42,5565","2,81978076204575"
09/11/2017,"0,5","96,5","19,50","1,20",D-2 Optibream AE 1,,441,,"2,72108843537415","85,113","42,5565","2,81978076204575"
10/11/2017,"0,5","96,5","19,40","0,80",D-2 Optibream AE 1,,441,,"1,8140589569161","85,113","42,5565","1,87985384136383"
10/11/2017,"0,5","96,5","19,40","0,80",D-2 Optibream AE 1,,441,,"1,8140589569161","85,113","42,5565","1,87985384136383"
11/11/2017,"0,5","96,5","19,50","1,40",D-2 Optibream AE 1,,441,,"3,17460317460317","85,113","42,5565","3,28974422238671"
11/11/2017,"0,5","96,5","19,50","1,40",D-2 Optibream AE 1,,441,,"3,17460317460317","85,113","42,5565","3,28974422238671"
12/11/2017,"0,5","96,5","19,50","1,00",D-2 Optibream AE 1,,441,,"2,26757369614512","85,113","42,5565","2,34981730170479"
12/11/2017,"0,5","96,5","19,50","1,40",D-2 Optibream AE 1,,441,,"3,17460317460317","85,113","42,5565","3,28974422238671"
13/11/2017,"0,5","96,5","19,40","0,60",D-2 Optibream AE 1,,441,,"1,36054421768708","85,113","42,5565","1,40989038102288"
13/11/2017,"0,5","96,5","19,40","0,60",D-2 Optibream AE 1,,441,,"1,36054421768708","85,113","42,5565","1,40989038102288"
14/11/2017,10,"96,5","18,40","0,16",D-2 Optibream AE 1,,850,,"0,188235294117647","8,2025","82,025","0,19506248095093"
15/11/2017,10,"96,5","18,60","0,16",D-2 Optibream AE 1,,850,,"0,188235294117647","8,2025","82,025","0,19506248095093"
16/11/2017,10,"96,5","19,00","0,32",D-2 Optibream AE 1,,850,,"0,376470588235294","8,2025","82,025","0,390124961901859"
17/11/2017,10,"96,5","19,00","0,88",D-2 Optibream AE 1,,850,,"1,03529411764706","8,2025","82,025","1,07284364523011"
18/11/2017,10,"96,5","19,20","0,56",D-2 Optibream AE 1,,850,,"0,658823529411765","8,2025","82,025","0,682718683328254"
19/11/2017,10,"96,5","19,20","0,88",D-2 Optibream AE 1,,850,,"1,03529411764706","8,2025","82,025","1,07284364523011"
20/11/2017,10,"96,5","18,00","1,04",D-2 Optibream AE 1,,850,,"1,22352941176471","8,2025","82,025","1,26790612618104"
21/11/2017,10,"96,5","18,00","1,12",D-2 Optibream AE 1,,850,,"1,31764705882353","8,2025","82,025","1,36543736665651"
22/11/2017,10,"96,5","17,60","0,72",D-2 Optibream AE 1,,850,,"0,847058823529412","8,2025","82,025","0,877781164279183"
23/11/2017,10,"96,5","17,30","0,56",D-2 Optibream AE 1,,850,,"0,658823529411765","8,2025","82,025","0,682718683328254"
24/11/2017,10,"96,5","17,60","1,44",D-2 Optibream AE 1,,850,,"1,69411764705882","8,2025","82,025","1,75556232855837"
25/11/2017,10,"96,5","17,30","1,20",D-2 Optibream AE 1,,850,,"1,41176470588235","8,2025","82,025","1,46296860713197"
26/11/2017,10,"96,5","16,90","1,44",D-2 Optibream AE 1,,850,,"1,69411764705882","8,2025","82,025","1,75556232855837"
27/11/2017,10,"96,5","18,20","1,28",D-2 Optibream AE 1,,850,,"1,50588235294118","8,2025","82,025","1,56049984760744"
28/11/2017,10,"96,5","18,10","0,80",D-2 Optibream AE 1,,850,,"0,941176470588235","8,2025","82,025","0,975312404754648"
29/11/2017,10,"96,5","17,70","1,12",D-2 Optibream AE 1,,850,,"1,31764705882353","8,2025","82,025","1,36543736665651"
30/11/2017,10,"96,5","17,10","1,20",D-2 Optibream AE 1,,850,,"1,41176470588235","8,2025","82,025","1,46296860713197"
01/12/2017,10,118,"16,80","1,36",D-2 Optibream AE 1,,850,,"1,6","10,03","100,3","1,35593220338983"
02/12/2017,10,118,"15,90","1,36",D-2 Optibream AE 1,,850,,"1,6","10,03","100,3","1,35593220338983"
03/12/2017,10,118,"16,70","1,36",D-2 Optibream AE 1,,850,,"1,6","10,03","100,3","1,35593220338983"
04/12/2017,10,118,"17,20","1,36",D-2 Optibream AE 1,,850,,"1,6","10,03","100,3","1,35593220338983"
05/12/2017,10,118,"17,10","0,80",D-2 Optibream AE 1,,850,,"0,941176470588235","10,03","100,3","0,797607178464606"
06/12/2017,10,118,"17,60","1,28",D-2 Optibream AE 1,,850,,"1,50588235294118","10,03","100,3","1,27617148554337"
07/12/2017,10,118,"17,80","0,56",D-2 Optibream AE 1,,850,,"0,658823529411765","10,03","100,3","0,558325024925225"
08/12/2017,10,118,"17,50","0,80",D-4 Alterna 2P,,850,,"0,941176470588235","10,03","100,3","0,797607178464606"
09/12/2017,10,118,"17,60","0,96",D-4 Alterna 2P,,850,,"1,12941176470588","10,03","100,3","0,957128614157528"
10/12/2017,10,118,"17,90","1,04",D-4 Alterna 2P,,850,,"1,22352941176471","10,03","100,3","1,03688933200399"
11/12/2017,10,118,"17,30","0,80",D-4 Alterna 2P,,850,,"0,941176470588235","10,03","100,3","0,797607178464606"
12/12/2017,10,118,"17,50","1,52",D-4 Alterna 2P,,850,,"1,78823529411765","10,03","100,3","1,51545363908275"
13/12/2017,10,118,"17,00","1,28",D-4 Alterna 2P,,849,1,"1,50765606595995","10,0182","100,182","1,27767463216945"
14/12/2017,10,118,"17,30","0,48",D-4 Alterna 2P,,849,,"0,565371024734982","10,0182","100,182","0,479127987063544"
15/12/2017,10,118,"17,20","0,56",D-4 Alterna 2P,,849,,"0,65959952885748","10,0182","100,182","0,558982651574135"
16/12/2017,10,118,"17,00","0,72",D-4 Alterna 2P,,849,,"0,848056537102473","10,0182","100,182","0,718691980595316"
17/12/2017,10,118,"17,00","1,60",D-4 Alterna 2P,,849,,"1,88457008244994","10,0182","100,182","1,59709329021181"
18/12/2017,10,118,"16,30","1,28",D-4 Alterna 2P,,849,,"1,50765606595995","10,0182","100,182","1,27767463216945"
19/12/2017,10,118,"16,30","0,40",D-4 Alterna 2P,,849,,"0,471142520612485","10,0182","100,182","0,399273322552954"
20/12/2017,10,118,"16,60","0,96",D-4 Alterna 2P,,849,,"1,13074204946996","10,0182","100,182","0,958255974127089"
21/12/2017,10,118,"17,50","1,60",D-4 Alterna 2P,,849,,"1,88457008244994","10,0182","100,182","1,59709329021181"
22/12/2017,10,118,"18,00","1,76",D-4 Alterna 2P,,849,,"2,07302709069494","10,0182","100,182","1,756802619233"
23/12/2017,10,118,"17,90","0,64",D-4 Alterna 2P,,849,,"0,753828032979977","10,0182","100,182","0,638837316084726"
24/12/2017,10,118,"17,90","0,72",D-4 Alterna 2P,,849,,"0,848056537102473","10,0182","100,182","0,718691980595316"
25/12/2017,10,118,"18,20","0,64",D-4 Alterna 2P,,849,,"0,753828032979977","10,0182","100,182","0,638837316084726"
26/12/2017,10,118,"17,60","1,92",D-4 Alterna 2P,,849,,"2,26148409893993","10,0182","100,182","1,91651194825418"
27/12/2017,10,118,"17,70","1,44",D-4 Alterna 2P,,849,,"1,69611307420495","10,0182","100,182","1,43738396119063"
28/12/2017,10,118,"17,50","1,92",D-4 Alterna 2P,,849,,"2,26148409893993","10,0182","100,182","1,91651194825418"
29/12/2017,10,118,"17,80","1,92",D-4 Alterna 2P,,849,,"2,26148409893993","10,0182","100,182","1,91651194825418"
30/12/2017,10,118,"18,20","1,92",D-4 Alterna 2P,,849,,"2,26148409893993","10,0182","100,182","1,91651194825418"
31/12/2017,10,118,"18,00","1,60",D-4 Alterna 2P,,849,,"1,88457008244994","10,0182","100,182","1,59709329021181"
01/01/2018,10,140,"17,60","0,64",D-4 Alterna 2P,,849,,"0,753828032979977","11,886","118,86","0,538448594985697"
02/01/2018,10,140,"18,10","0,96",D-4 Alterna 2P,,849,,"1,13074204946996","11,886","118,86","0,807672892478546"
03/01/2018,10,140,"17,80","1,04",D-4 Alterna 2P,,849,,"1,22497055359246","11,886","118,86","0,874978966851758"
04/01/2018,10,140,"18,50","0,00",D-4 Alterna 2P,,849,,0,"11,886","118,86",0
05/01/2018,10,140,"16,40","0,48",D-4 Alterna 2P,,849,,"0,565371024734982","11,886","118,86","0,403836446239273"
06/01/2018,10,140,"17,20","1,28",D-4 Alterna 2P,,849,,"1,50765606595995","11,886","118,86","1,07689718997139"
07/01/2018,10,140,"16,30","1,76",D-4 Alterna 2P,,849,,"2,07302709069494","11,886","118,86","1,48073363621067"
08/01/2018,10,140,"16,30","0,88",D-4 Alterna 2P,,849,,"1,03651354534747","11,886","118,86","0,740366818105334"
09/01/2018,10,140,"16,40","0,72",D-4 Alterna 2P,,849,,"0,848056537102473","11,886","118,86","0,60575466935891"
10/01/2018,10,140,"17,50","0,88",D-4 Alterna 2P,,849,,"1,03651354534747","11,886","118,86","0,740366818105334"
11/01/2018,10,140,"17,00","1,36",D-4 Alterna 2P,,849,,"1,60188457008245","11,886","118,86","1,14420326434461"
12/01/2018,10,140,"16,60","0,80",D-4 Alterna 2P,,849,,"0,942285041224971","11,886","118,86","0,673060743732122"
13/01/2018,10,140,"17,30","1,20",D-4 Alterna 2P,,849,,"1,41342756183746","11,886","118,86","1,00959111559818"
14/01/2018,10,140,"17,50","0,00",D-4 Alterna 2P,,849,,0,"11,886","118,86",0
15/01/2018,10,140,"17,60","1,60",D-4 Alterna 2P,,849,,"1,88457008244994","11,886","118,86","1,34612148746424"
16/01/2018,10,140,"16,40","0,96",D-4 Alterna 2P,,849,,"1,13074204946996","11,886","118,86","0,807672892478546"
17/01/2018,10,140,"17,40","0,96",D-4 Alterna 2P,,849,,"1,13074204946996","11,886","118,86","0,807672892478546"
18/01/2018,10,140,"17,30","1,28",D-4 Alterna 2P,,849,,"1,50765606595995","11,886","118,86","1,07689718997139"
19/01/2018,10,140,"17,00","0,88",D-4 Alterna 2P,,849,,"1,03651354534747","11,886","118,86","0,740366818105334"
20/01/2018,10,140,"16,70","0,96",D-4 Alterna 2P,,849,,"1,13074204946996","11,886","118,86","0,807672892478546"
21/01/2018,10,140,"17,70","1,28",D-4 Alterna 2P,,849,,"1,50765606595995","11,886","118,86","1,07689718997139"
22/01/2018,10,140,"18,00","0,68",D-4 Alterna 2P,,849,,"0,800942285041225","11,886","118,86","0,572101632172304"
23/01/2018,10,140,"17,20","1,04",D-4 Alterna 2P,,849,,"1,22497055359246","11,886","118,86","0,874978966851758"
24/01/2018,10,140,"15,80","1,20",D-4 Alterna 2P,,849,,"1,41342756183746","11,886","118,86","1,00959111559818"
25/01/2018,10,140,"17,00","1,60",D-4 Alterna 2P,,849,,"1,88457008244994","11,886","118,86","1,34612148746424"
26/01/2018,10,140,"17,00","1,36",D-4 Alterna 2P,,849,,"1,60188457008245","11,886","118,86","1,14420326434461"
27/01/2018,10,140,"16,90","0,96",D-4 Alterna 2P,,849,,"1,13074204946996","11,886","118,86","0,807672892478546"
28/01/2018,10,140,"16,90","1,44",D-4 Alterna 2P,,849,,"1,69611307420495","11,886","118,86","1,21150933871782"
29/01/2018,10,140,"16,00","1,12",D-4 Alterna 2P,,849,,"1,31919905771496","11,886","118,86","0,942285041224971"
30/01/2018,10,140,"16,80","1,04",D-4 Alterna 2P,,849,,"1,22497055359246","11,886","118,86","0,874978966851758"
31/01/2018,10,140,"16,80","0,88",D-4 Alterna 2P,,849,,"1,03651354534747","11,886","118,86","0,740366818105334"
01/02/2018,10,164,"17,10","1,60",D-4 Alterna 2P,,849,,"1,88457008244994","13,9236","139,236","1,14912809905484"
02/02/2018,10,164,"16,00","1,28",D-4 Alterna 2P,,849,,"1,50765606595995","13,9236","139,236","0,919302479243874"
03/02/2018,10,164,"16,00","1,28",D-4 Alterna 2P,,849,,"1,50765606595995","13,9236","139,236","0,919302479243874"
04/02/2018,10,164,"16,00","1,60",D-4 Alterna 2P,,849,,"1,88457008244994","13,9236","139,236","1,14912809905484"
05/02/2018,10,164,"16,90","1,36",D-4 Alterna 2P,,849,,"1,60188457008245","13,9236","139,236","0,976758884196616"
06/02/2018,10,164,"16,90","1,36",D-4 Alterna 2P,,849,,"1,60188457008245","13,9236","139,236","0,976758884196616"
07/02/2018,10,164,"16,90","1,20",D-4 Alterna 2P,,849,,"1,41342756183746","13,9236","139,236","0,861846074291132"
08/02/2018,10,164,"16,20","0,00",D-4 Alterna 2P,,849,,0,"13,9236","139,236",0
09/02/2018,10,164,"16,00","1,44",D-4 Alterna 2P,,848,1,"1,69811320754717","13,9072","139,072","1,03543488265071"
10/02/2018,10,164,"15,90","1,60",D-4 Alterna 2P,,848,,"1,88679245283019","13,9072","139,072","1,15048320294524"
11/02/2018,10,164,"15,30","1,60",D-4 Alterna 2P,,848,,"1,88679245283019","13,9072","139,072","1,15048320294524"
12/02/2018,10,164,"16,40","1,60",D-4 Alterna 2P,,848,,"1,88679245283019","13,9072","139,072","1,15048320294524"
13/02/2018,10,164,"15,60","1,60",D-4 Alterna 2P,,848,,"1,88679245283019","13,9072","139,072","1,15048320294524"
14/02/2018,10,164,"15,60","0,00",D-4 Alterna 2P,,848,,0,"13,9072","139,072",0
15/02/2018,10,164,"17,1","1,60",D-4 Alterna 2P,,848,,"1,88679245283019","13,9072","139,072","1,15048320294524"
16/02/2018,10,164,"17,1","1,60",D-4 Alterna 2P,,848,,"1,88679245283019","13,9072","139,072","1,15048320294524"
17/02/2018,10,164,"16,9","1,44",D-4 Alterna 2P,,848,,"1,69811320754717","13,9072","139,072","1,03543488265071"
18/02/2018,10,164,"16,9","0,80",D-4 Alterna 2P,,848,,"0,943396226415094","13,9072","139,072","0,575241601472619"
19/02/2018,10,164,"17,70","1,28",D-4 Alterna 2P,,848,,"1,50943396226415","13,9072","139,072","0,920386562356189"
20/02/2018,10,164,"17,70","0,00",D-4 Alterna 2P,,847,1,0,"13,8908","138,908",0
21/02/2018,10,164,"19,6","1,12",D-4 Alterna 2P,,847,,"1,32231404958678","13,8908","138,908","0,806289054626084"
22/02/2018,10,164,"18,8","1,12",D-4 Alterna 2P,,847,,"1,32231404958678","13,8908","138,908","0,806289054626084"
23/02/2018,10,164,17,"1,60",D-4 Alterna 2P,,847,,"1,88902007083825","13,8908","138,908","1,15184150660869"
24/02/2018,10,164,"17,7","1,60",D-4 Alterna 2P,,847,,"1,88902007083825","13,8908","138,908","1,15184150660869"
25/02/2018,10,164,"17,10","1,68",D-4 Alterna 2P,,847,,"1,98347107438017","13,8908","138,908","1,20943358193913"
26/02/2018,10,164,"17,00","2,24",D-4 Alterna 2P,,847,,"2,64462809917355","13,8908","138,908","1,61257810925217"
27/02/2018,10,164,17,"1,20",D-4 Alterna 2P,,847,,"1,41676505312869","13,8908","138,908","0,863881129956518"
28/02/2018,10,164,17,"1,52",D-4 Alterna 2P,,847,,"1,79456906729634","13,8908","138,908","1,09424943127826"
01/03/2018,10,191,"18,7","1,60",D-4 Alterna 2P,,847,,"1,88902007083825","16,1777","161,777","0,989015743894373"
02/03/2018,10,191,"17,5","0,00",D-4 Alterna 2P,,847,,0,"16,1777","161,777",0
03/03/2018,10,191,18,"1,68",D-4 Alterna 2P,,847,,"1,98347107438017","16,1777","161,777","1,03846653108909"
04/03/2018,10,191,"18,2","1,60",D-4 Alterna 2P,,847,,"1,88902007083825","16,1777","161,777","0,989015743894373"
05/03/2018,10,191,"18,2","1,60",D-4 Alterna 2P,,847,,"1,88902007083825","16,1777","161,777","0,989015743894373"
06/03/2018,10,191,"18,1","1,60",D-4 Alterna 2P,,847,,"1,88902007083825","16,1777","161,777","0,989015743894373"
07/03/2018,10,191,"18,2","1,60",D-4 Alterna 2P,,847,,"1,88902007083825","16,1777","161,777","0,989015743894373"
08/03/2018,10,191,18,"1,28",D-4 Alterna 2P,,847,,"1,5112160566706","16,1777","161,777","0,791212595115499"
09/03/2018,10,191,"18,2","1,92",D-4 Alterna 2P,,847,,"2,2668240850059","16,1777","161,777","1,18681889267325"
10/03/2018,10,191,"18,9","1,44",D-4 Alterna 2P,,847,,"1,70011806375443","16,1777","161,777","0,890114169504936"
11/03/2018,10,191,"18,1","1,68",D-4 Alterna 2P,,847,,"1,98347107438017","16,1777","161,777","1,03846653108909"
12/03/2018,10,191,"17,1","2,56",D-4 Alterna 2P,,847,,"3,0224321133412","16,1777","161,777","1,582425190231"
13/03/2018,10,191,18,"2,80",D-4 Alterna 2P,,847,,"3,30578512396694","16,1777","161,777","1,73077755181515"
14/03/2018,10,191,18,"1,92",D-4 Alterna 2P,,847,,"2,2668240850059","16,1777","161,777","1,18681889267325"
15/03/2018,10,191,"18,5","1,92",D-4 Alterna 2P,,847,,"2,2668240850059","16,1777","161,777","1,18681889267325"
16/03/2018,10,191,"17,9","1,36",D-4 Alterna 2P,,847,,"1,60566706021251","16,1777","161,777","0,840663382310217"
17/03/2018,10,191,"17,6","1,28",D-4 Alterna 2P,,847,,"1,5112160566706","16,1777","161,777","0,791212595115499"
18/03/2018,10,191,"17,9","1,28",D-4 Alterna 2P,,847,,"1,5112160566706","16,1777","161,777","0,791212595115499"
19/03/2018,10,191,"17,6","1,44",D-4 Alterna 2P,,847,,"1,70011806375443","16,1777","161,777","0,890114169504936"
20/03/2018,10,191,"16,6","1,60",D-4 Alterna 2P,,847,,"1,88902007083825","16,1777","161,777","0,989015743894373"
21/03/2018,10,191,17,"1,60",D-4 Alterna 2P,,847,,"1,88902007083825","16,1777","161,777","0,989015743894373"
22/03/2018,10,191,"16,9","1,76",D-4 Alterna 2P,,847,,"2,07792207792208","16,1777","161,777","1,08791731828381"
23/03/2018,10,191,17,"1,84",D-4 Alterna 2P,,846,1,"2,17494089834515","16,1586","161,586","1,13871251222259"
24/03/2018,10,191,"17,1","1,44",D-4 Alterna 2P,,846,,"1,70212765957447","16,1586","161,586","0,891166313913334"
25/03/2018,10,191,"16,7","1,20",D-4 Alterna 2P,,846,,"1,41843971631206","16,1586","161,586","0,742638594927778"
26/03/2018,10,191,17,"1,60",D-4 Alterna 2P,,846,,"1,89125295508274","16,1586","161,586","0,990184793237038"
27/03/2018,10,191,"17,6","1,60",D-4 Alterna 2P,,846,,"1,89125295508274","16,1586","161,586","0,990184793237038"
28/03/2018,10,191,"18,1","1,68",D-4 Alterna 2P,,846,,"1,98581560283688","16,1586","161,586","1,03969403289889"
29/03/2018,10,191,"18,1","1,60",D-4 Alterna 2P,,846,,"1,89125295508274","16,1586","161,586","0,990184793237038"
30/03/2018,10,191,"17,7","1,60",D-4 Alterna 2P,,846,,"1,89125295508274","16,1586","161,586","0,990184793237038"
31/03/2018,10,191,"16,8","1,20",D-4 Alterna 2P,,846,,"1,41843971631206","16,1586","161,586","0,742638594927778"
01/04/2018,10,217,"17,9","1,68",D-4 Alterna 2P,,846,,"1,98581560283688","18,3582","183,582","0,915122397620682"
02/04/2018,10,217,17,"2,24",D-4 Alterna 2P,,846,,"2,64775413711584","18,3582","183,582","1,22016319682758"
03/04/2018,10,217,"17,6","0,00",D-4 Alterna 2P,,845,1,0,"18,3365","183,365",0
04/04/2018,10,217,"18,5","0,00",D-4 Alterna 2P,,845,,0,"18,3365","183,365",0
05/04/2018,10,217,18,"0,24",D-4 Alterna 2P,,845,,"0,284023668639053","18,3365","183,365","0,130886483243803"
06/04/2018,10,217,"18,2","1,60",D-4 Alterna 2P,,845,,"1,89349112426036","18,3365","183,365","0,872576554958689"
07/04/2018,10,217,18,"1,92",D-4 Alterna 2P,,845,,"2,27218934911243","18,3365","183,365","1,04709186595043"
08/04/2018,10,217,"18,2","1,92",D-4 Alterna 2P,,845,,"2,27218934911243","18,3365","183,365","1,04709186595043"
09/04/2018,10,217,18,"1,44",D-4 Alterna 2P,,845,,"1,70414201183432","18,3365","183,365","0,78531889946282"
10/04/2018,10,217,"17,6","2,40",D-4 Alterna 2P,,845,,"2,84023668639053","18,3365","183,365","1,30886483243803"
11/04/2018,10,217,"17,7","2,80",D-4 Alterna 2P,,845,,"3,31360946745562","18,3365","183,365","1,52700897117771"
12/04/2018,10,217,18,"3,20",D-4 Alterna 2P,,845,,"3,78698224852071","18,3365","183,365","1,74515310991738"
13/04/2018,10,217,"17,3","2,40",D-4 Alterna 2P,,845,,"2,84023668639053","18,3365","183,365","1,30886483243803"
14/04/2018,10,217,"17,6","0,80",D-4 Alterna 2P,,845,,"0,946745562130178","18,3365","183,365","0,436288277479344"
15/04/2018,10,217,"17,4","2,40",D-4 Alterna 2P,,845,,"2,84023668639053","18,3365","183,365","1,30886483243803"
16/04/2018,10,217,"17,6","3,12",D-4 Alterna 2P,,845,,"3,69230769230769","18,3365","183,365","1,70152428216944"
17/04/2018,10,217,"17,3","2,56",D-4 Alterna 2P,,845,,"3,02958579881657","18,3365","183,365","1,3961224879339"
18/04/2018,10,217,18,"1,92",D-4 Alterna 2P,,845,,"2,27218934911243","18,3365","183,365","1,04709186595043"
19/04/2018,10,217,"17,9","2,40",D-4 Alterna 2P,,845,,"2,84023668639053","18,3365","183,365","1,30886483243803"
20/04/2018,10,217,"17,2","2,40",D-4 Alterna 2P,,845,,"2,84023668639053","18,3365","183,365","1,30886483243803"
21/04/2018,10,217,"17,9","1,60",D-4 Alterna 2P,,845,,"1,89349112426036","18,3365","183,365","0,872576554958689"
22/04/2018,10,217,18,"0,80",D-4 Alterna 2P,,845,,"0,946745562130178","18,3365","183,365","0,436288277479344"
23/04/2018,10,217,18,"0,00",D-4 Alterna 2P,,845,,0,"18,3365","183,365",0
24/04/2018,10,217,"18,1","3,12",D-4 Alterna 2P,,845,,"3,69230769230769","18,3365","183,365","1,70152428216944"
25/04/2018,10,217,"17,8","2,88",D-4 Alterna 2P,,845,,"3,40828402366864","18,3365","183,365","1,57063779892564"
26/04/2018,10,217,"18,1","2,56",D-4 Alterna 2P,,845,,"3,02958579881657","18,3365","183,365","1,3961224879339"
27/04/2018,10,217,"17,3","3,68",D-4 Alterna 2P,,845,,"4,35502958579882","18,3365","183,365","2,00692607640498"
28/04/2018,10,217,18,"2,88",D-4 Alterna 2P,,845,,"3,40828402366864","18,3365","183,365","1,57063779892564"
29/04/2018,10,217,18,"2,40",D-4 Alterna 2P,,845,,"2,84023668639053","18,3365","183,365","1,30886483243803"
30/04/2018,10,217,"17,9","2,72",D-4 Alterna 2P,,845,,"3,2189349112426","18,3365","183,365","1,48338014342977"
01/05/2018,10,260,"17,9","2,80",D-4 Alterna 2P,,845,,"3,31360946745562","21,97","219,7","1,27446517979062"
02/05/2018,10,260,"18,2","2,96",D-4 Alterna 2P,,845,,"3,50295857988166","21,97","219,7","1,34729176149295"
03/05/2018,10,260,"19,9","2,88",D-4 Alterna 2P,,845,,"3,40828402366864","21,97","219,7","1,31087847064178"
04/05/2018,10,260,"18,2","2,88",D-4 Alterna 2P,,845,,"3,40828402366864","21,97","219,7","1,31087847064178"
05/05/2018,10,260,"17,9","2,88",D-4 Alterna 2P,,845,,"3,40828402366864","21,97","219,7","1,31087847064178"
06/05/2018,10,260,"17,8","2,88",D-4 Alterna 2P,,845,,"3,40828402366864","21,97","219,7","1,31087847064178"
07/05/2018,10,260,18,"2,40",D-4 Alterna 2P,,845,,"2,84023668639053","21,97","219,7","1,09239872553482"
08/05/2018,10,260,"18,8","1,60",D-4 Alterna 2P,,845,,"1,89349112426036","21,97","219,7","0,728265817023214"
09/05/2018,10,260,"19,3","2,08",D-4 Alterna 2P,,845,,"2,46153846153846","21,97","219,7","0,946745562130178"
10/05/2018,10,260,"19,1","2,40",D-4 Alterna 2P,,845,,"2,84023668639053","21,97","219,7","1,09239872553482"
11/05/2018,10,260,"19,2","2,40",D-4 Alterna 2P,,845,,"2,84023668639053","21,97","219,7","1,09239872553482"
12/05/2018,10,260,"18,8","2,40",D-4 Alterna 2P,,845,,"2,84023668639053","21,97","219,7","1,09239872553482"
13/05/2018,10,260,"18,4","2,40",D-4 Alterna 2P,,845,,"2,84023668639053","21,97","219,7","1,09239872553482"
14/05/2018,10,260,"18,3","2,40",D-4 Alterna 2P,,845,,"2,84023668639053","21,97","219,7","1,09239872553482"
15/05/2018,10,260,"18,4","2,40",D-4 Alterna 2P,,845,,"2,84023668639053","21,97","219,7","1,09239872553482"
16/05/2018,10,260,"18,9","1,76",D-4 Alterna 2P,,845,,"2,08284023668639","21,97","219,7","0,801092398725535"
17/05/2018,10,260,"18,9","2,80",D-4 Alterna 2P,,845,,"3,31360946745562","21,97","219,7","1,27446517979062"
18/05/2018,10,260,19,"1,44",D-4 Alterna 2P,,844,1,"1,70616113744076","21,944","219,44","0,656215822092599"
19/05/2018,10,260,"18,9","2,88",D-4 Alterna 2P,,844,,"3,41232227488152","21,944","219,44","1,3124316441852"
20/05/2018,10,260,"18,9","2,40",D-4 Alterna 2P,,844,,"2,8436018957346","21,944","219,44","1,093693036821"
21/05/2018,10,260,19,"2,00",D-4 Alterna 2P,,844,,"2,3696682464455","21,944","219,44","0,911410864017499"
22/05/2018,10,260,"19,5","3,60",D-4 Alterna 2P,,844,,"4,2654028436019","21,944","219,44","1,6405395552315"
23/05/2018,10,260,"19,5","2,24",D-4 Alterna 2P,,844,,"2,65402843601896","21,944","219,44","1,0207801676996"
24/05/2018,10,260,"19,6","3,52",D-4 Alterna 2P,,844,,"4,17061611374408","21,944","219,44","1,6040831206708"
25/05/2018,10,260,"20,2","3,20",D-4 Alterna 2P,,844,,"3,7914691943128","21,944","219,44","1,458257382428"
26/05/2018,10,260,"19,7","2,88",D-4 Alterna 2P,,844,,"3,41232227488152","21,944","219,44","1,3124316441852"
27/05/2018,10,260,"19,7","2,40",D-4 Alterna 2P,,844,,"2,8436018957346","21,944","219,44","1,093693036821"
28/05/2018,10,260,20,"1,60",D-4 Alterna 2P,,844,,"1,8957345971564","21,944","219,44","0,729128691213999"
29/05/2018,10,260,20,"4,00",D-4 Alterna 2P,,844,,"4,739336492891","21,944","219,44","1,822821728035"
30/05/2018,10,260,"19,7","1,60",D-4 Alterna 2P,,844,,"1,8957345971564","21,944","219,44","0,729128691213999"
31/05/2018,10,260,"19,8","2,08",D-4 Alterna 2P,,844,,"2,46445497630332","21,944","219,44","0,947867298578199"
01/06/2018,10,305,20,"3,20",D-4 Alterna 2P,,844,,"3,7914691943128","25,742","257,42","1,24310465387305"
02/06/2018,10,305,"19,3","2,80",D-4 Alterna 2P,,844,,"3,3175355450237","25,742","257,42","1,08771657213892"
03/06/2018,10,305,"19,5","2,40",D-4 Alterna 2P,,844,,"2,8436018957346","25,742","257,42","0,932328490404786"
04/06/2018,10,305,"20,1","0,00",D-4 Alterna 2P,,844,,0,"25,742","257,42",0
05/06/2018,10,305,"19,3","0,00",D-4 Alterna 2P,,844,,0,"25,742","257,42",0
06/06/2018,10,305,"19,5","2,40",D-4 Alterna 2P,,844,,"2,8436018957346","25,742","257,42","0,932328490404786"
07/06/2018,10,305,19,"4,24",D-4 Alterna 2P,,844,,"5,02369668246446","25,742","257,42","1,64711366638179"
08/06/2018,10,305,19,"2,72",D-4 Alterna 2P,,844,,"3,22274881516588","25,742","257,42","1,05663895579209"
09/06/2018,10,305,19,"1,76",D-4 Alterna 2P,,844,,"2,08530805687204","25,742","257,42","0,683707559630176"
10/06/2018,10,305,"19,2","0,00",D-4 Alterna 2P,,844,,0,"25,742","257,42",0
11/06/2018,10,305,"19,2","2,80",D-4 Alterna 2P,,844,,"3,3175355450237","25,742","257,42","1,08771657213892"
12/06/2018,10,305,"19,4","3,20",D-4 Alterna 2P,,844,,"3,7914691943128","25,742","257,42","1,24310465387305"
13/06/2018,10,305,"19,4","3,12",D-4 Alterna 2P,,844,,"3,69668246445498","25,742","257,42","1,21202703752622"
14/06/2018,10,305,"19,5","3,12",D-4 Alterna 2P,,844,,"3,69668246445498","25,742","257,42","1,21202703752622"
15/06/2018,10,305,"19,4","1,76",D-4 Alterna 2P,,844,,"2,08530805687204","25,742","257,42","0,683707559630176"
16/06/2018,10,305,19,"0,00",D-4 Alterna 2P,,844,,0,"25,742","257,42",0
17/06/2018,10,305,19,"1,92",D-4 Alterna 2P,,844,,"2,27488151658768","25,742","257,42","0,745862792323829"
18/06/2018,10,305,"19,7","2,24",D-4 Alterna 2P,,844,,"2,65402843601896","25,742","257,42","0,870173257711134"
19/06/2018,10,305,20,"2,40",D-4 Alterna 2P,,844,,"2,8436018957346","25,742","257,42","0,932328490404786"
20/06/2018,10,305,19,"2,16",D-4 Alterna 2P,,844,,"2,55924170616114","25,742","257,42","0,839095641364307"
21/06/2018,10,305,"20,5","2,40",D-4 Alterna 2P,,844,,"2,8436018957346","25,742","257,42","0,932328490404786"
22/06/2018,10,305,"20,3","2,40",D-4 Alterna 2P,,844,,"2,8436018957346","25,742","257,42","0,932328490404786"
23/06/2018,10,305,"20,3","0,80",D-4 Alterna 2P,,844,,"0,947867298578199","25,742","257,42","0,310776163468262"
24/06/2018,10,305,"20,8","2,40",D-4 Alterna 2P,,844,,"2,8436018957346","25,742","257,42","0,932328490404786"
25/06/2018,10,305,"20,7","2,24",D-4 Alterna 2P,,844,,"2,65402843601896","25,742","257,42","0,870173257711134"
26/06/2018,10,305,"20,5","0,00",D-4 Alterna 2P,,844,,0,"25,742","257,42",0
27/06/2018,10,305,"20,3","2,40",D-4 Alterna 2P,,844,,"2,8436018957346","25,742","257,42","0,932328490404786"
28/06/2018,10,305,"20,6","3,20",D-4 Alterna 2P,,843,1,"3,79596678529063","25,7115","257,115","1,24457927386578"
29/06/2018,10,305,"20,5","4,80",D-4 Alterna 2P,,843,,"5,69395017793594","25,7115","257,115","1,86686891079867"
30/06/2018,10,305,"20,6","2,40",D-4 Alterna 2P,,843,,"2,84697508896797","25,7115","257,115","0,933434455399335"
01/07/2018,10,343,"20,8","2,40",D-6 Optibream AE 3,,843,,"2,84697508896797","28,9149","289,149","0,830021891827397"
02/07/2018,10,343,"20,7","0,00",D-6 Optibream AE 3,,843,,0,"28,9149","289,149",0
03/07/2018,10,343,"20,7","0,00",D-6 Optibream AE 3,,841,2,0,"28,8463","288,463",0
04/07/2018,20,343,"20,4","0,00",D-6 Optibream AE 3,,841,,0,"14,42315","288,463",0
05/07/2018,20,343,"20,7","0,56",D-6 Optibream AE 3,,841,,"0,665873959571938","14,42315","288,463","0,194132349729428"
06/07/2018,20,343,"20,5","1,20",D-6 Optibream AE 3,,841,,"1,4268727705113","14,42315","288,463","0,415997892277346"
07/07/2018,20,343,"20,3","2,40",D-6 Optibream AE 3,,841,,"2,85374554102259","14,42315","288,463","0,831995784554692"
08/07/2018,20,343,"20,5","0,00",D-6 Optibream AE 3,,841,,0,"14,42315","288,463",0
09/07/2018,20,343,20,"2,40",D-6 Optibream AE 3,,841,,"2,85374554102259","14,42315","288,463","0,831995784554692"
10/07/2018,20,343,"20,4","2,40",D-6 Optibream AE 3,,841,,"2,85374554102259","14,42315","288,463","0,831995784554692"
11/07/2018,20,343,20,"2,40",D-6 Optibream AE 3,,841,,"2,85374554102259","14,42315","288,463","0,831995784554692"
12/07/2018,20,343,"18,7","0,48",D-6 Optibream AE 3,,841,,"0,570749108204518","14,42315","288,463","0,166399156910938"
13/07/2018,20,343,"18,3","2,40",D-6 Optibream AE 3,,841,,"2,85374554102259","14,42315","288,463","0,831995784554692"
14/07/2018,20,343,18,"2,40",D-6 Optibream AE 3,,841,,"2,85374554102259","14,42315","288,463","0,831995784554692"
15/07/2018,20,343,18,"0,00",D-6 Optibream AE 3,,841,,0,"14,42315","288,463",0
16/07/2018,20,343,20,"0,00",D-6 Optibream AE 3,,841,,0,"14,42315","288,463",0
17/07/2018,20,343,"18,3","0,00",D-6 Optibream AE 3,,837,4,0,"14,35455","287,091",0
18/07/2018,20,343,"19,9","2,00",D-6 Optibream AE 3,,837,,"2,389486260454","14,35455","287,091","0,696643224622158"
19/07/2018,20,343,19,"2,00",D-6 Optibream AE 3,,837,,"2,389486260454","14,35455","287,091","0,696643224622158"
20/07/2018,20,343,"19,7","3,20",D-6 Optibream AE 3,,837,,"3,8231780167264","14,35455","287,091","1,11462915939545"
21/07/2018,20,343,20,"3,20",D-6 Optibream AE 3,,837,,"3,8231780167264","14,35455","287,091","1,11462915939545"
22/07/2018,20,343,19,"3,20",D-6 Optibream AE 3,,837,,"3,8231780167264","14,35455","287,091","1,11462915939545"
23/07/2018,20,343,"20,5","0,00",D-6 Optibream AE 3,,837,,0,"14,35455","287,091",0
24/07/2018,20,343,"21,1","2,40",D-6 Optibream AE 3,,837,,"2,8673835125448","14,35455","287,091","0,83597186954659"
25/07/2018,20,343,"21,4","2,40",D-6 Optibream AE 3,,837,,"2,8673835125448","14,35455","287,091","0,83597186954659"
26/07/2018,20,343,"21,4","2,40",D-6 Optibream AE 3,,837,,"2,8673835125448","14,35455","287,091","0,83597186954659"
27/07/2018,20,343,"21,5","2,40",D-6 Optibream AE 3,,837,,"2,8673835125448","14,35455","287,091","0,83597186954659"
28/07/2018,20,343,"21,5","2,40",D-6 Optibream AE 3,,837,,"2,8673835125448","14,35455","287,091","0,83597186954659"
29/07/2018,20,343,"21,3","2,40",D-6 Optibream AE 3,,837,,"2,8673835125448","14,35455","287,091","0,83597186954659"
30/07/2018,20,343,"21,5","3,20",D-6 Optibream AE 3,,837,,"3,8231780167264","14,35455","287,091","1,11462915939545"
31/07/2018,20,343,"21,5","0,00",D-6 Optibream AE 3,,837,,0,"14,35455","287,091",0
01/08/2018,20,380,"21,5","2,32",Vitalis Repro,,837,,"2,77180406212664","15,903","318,06","0,729422121612274"
02/08/2018,20,380,"21,5","3,60",Vitalis Repro,,837,,"4,3010752688172","15,903","318,06","1,13186191284663"
03/08/2018,20,380,"21,4","3,60",Vitalis Repro,,837,,"4,3010752688172","15,903","318,06","1,13186191284663"
04/08/2018,20,380,"21,2","3,60",Vitalis Repro,,837,,"4,3010752688172","15,903","318,06","1,13186191284663"
05/08/2018,20,380,"21,7","3,20",Vitalis Repro,,837,,"3,8231780167264","15,903","318,06","1,0060994780859"
06/08/2018,20,380,"21,6","2,64",Vitalis Repro,,837,,"3,15412186379928","15,903","318,06","0,830032069420864"
07/08/2018,20,380,"21,6","2,80",Vitalis Repro,,837,,"3,3452807646356","15,903","318,06","0,880337043325159"
08/08/2018,20,380,"21,3","0,00",Vitalis Repro,,837,,0,"15,903","318,06",0
09/08/2018,20,380,"21,4","2,88",Vitalis Repro,,837,,"3,44086021505376","15,903","318,06","0,905489530277306"
10/08/2018,20,380,"21,1","2,88",Vitalis Repro,,837,,"3,44086021505376","15,903","318,06","0,905489530277306"
11/08/2018,20,380,"21,2","2,24",Vitalis Repro,,837,,"2,67622461170848","15,903","318,06","0,704269634660127"
12/08/2018,20,380,"21,2","0,00",Vitalis Repro,,837,,0,"15,903","318,06",0
13/08/2018,20,380,"20,9","3,20",Vitalis Repro,,837,,"3,8231780167264","15,903","318,06","1,0060994780859"
14/08/2018,20,380,"20,9","3,20",Vitalis Repro,,837,,"3,8231780167264","15,903","318,06","1,0060994780859"
15/08/2018,20,380,"21,2","3,04",Vitalis Repro,,837,,"3,63201911589008","15,903","318,06","0,955794504181601"
16/08/2018,20,380,"21,2","2,96",Vitalis Repro,,837,,"3,53643966547192","15,903","318,06","0,930642017229454"
17/08/2018,20,380,"21,4","0,56",Vitalis Repro,,837,,"0,669056152927121","15,903","318,06","0,176067408665032"
18/08/2018,20,380,"20,9","2,40",Vitalis Repro,,837,,"2,8673835125448","15,903","318,06","0,754574608564422"
19/08/2018,20,380,21,"0,00",Vitalis Repro,,837,,0,"15,903","318,06",0
20/08/2018,20,380,"20,9","2,56",Vitalis Repro,,837,,"3,05854241338112","15,903","318,06","0,804879582468717"
21/08/2018,20,380,"21,3","2,40",Vitalis Repro,,837,,"2,8673835125448","15,903","318,06","0,754574608564422"
22/08/2018,20,380,"21,1","2,80",Vitalis Repro,,837,,"3,3452807646356","15,903","318,06","0,880337043325159"
23/08/2018,20,380,"21,2","3,20",Vitalis Repro,,837,,"3,8231780167264","15,903","318,06","1,0060994780859"
24/08/2018,20,380,"21,3","3,60",Vitalis Repro,,837,,"4,3010752688172","15,903","318,06","1,13186191284663"
25/08/2018,20,380,"21,6","3,60",Vitalis Repro,,837,,"4,3010752688172","15,903","318,06","1,13186191284663"
26/08/2018,20,380,"21,1","3,60",Vitalis Repro,,837,,"4,3010752688172","15,903","318,06","1,13186191284663"
27/08/2018,20,380,"21,1","0,00",Vitalis Repro,,837,,0,"15,903","318,06",0
28/08/2018,20,380,"21,1","0,00",Vitalis Repro,,837,,0,"15,903","318,06",0
29/08/2018,20,380,"21,2","3,60",Vitalis Repro,,837,,"4,3010752688172","15,903","318,06","1,13186191284663"
30/08/2018,20,380,"21,2","3,60",Vitalis Repro,,837,,"4,3010752688172","15,903","318,06","1,13186191284663"
31/08/2018,20,380,"19,6","3,60",Vitalis Repro,,837,,"4,3010752688172","15,903","318,06","1,13186191284663"
01/09/2018,20,416,"19,5","2,40",Vitalis Repro,,837,,"2,8673835125448","17,4096","348,192","0,68927488282327"
02/09/2018,20,416,19,"3,20",Vitalis Repro,,837,,"3,8231780167264","17,4096","348,192","0,919033177097693"
03/09/2018,20,416,"20,5","0,00",Vitalis Repro,,837,,0,"17,4096","348,192",0
04/09/2018,20,416,"20,5","0,00",Vitalis Repro,,837,,0,"17,4096","348,192",0
05/09/2018,20,416,"19,5","2,64",Vitalis Repro,,837,,"3,15412186379928","17,4096","348,192","0,758202371105597"
06/09/2018,20,416,"18,8","3,84",Vitalis Repro,,837,,"4,58781362007168","17,4096","348,192","1,10283981251723"
07/09/2018,20,416,"18,3","4,40",Vitalis Repro,,837,,"5,25686977299881","17,4096","348,192","1,26367061850933"
08/09/2018,20,416,"18,3","4,32",Vitalis Repro,,837,,"5,16129032258065","17,4096","348,192","1,24069478908189"
09/09/2018,20,416,"18,2","3,60",Vitalis Repro,,837,,"4,3010752688172","17,4096","348,192","1,0339123242349"
10/09/2018,20,416,18,"3,04",Vitalis Repro,,837,,"3,63201911589008","17,4096","348,192","0,873081518242809"
11/09/2018,20,416,"18,3","3,36",Vitalis Repro,,837,,"4,01433691756272","17,4096","348,192","0,964984835952578"
12/09/2018,20,416,"18,1","0,00",Vitalis Repro,,837,,0,"17,4096","348,192",0
13/09/2018,20,416,"18,6","3,20",Vitalis Repro,,837,,"3,8231780167264","17,4096","348,192","0,919033177097693"
14/09/2018,20,416,"18,6","3,60",Vitalis Repro,,837,,"4,3010752688172","17,4096","348,192","1,0339123242349"
15/09/2018,20,416,"17,5","3,60",Vitalis Repro,,837,,"4,3010752688172","17,4096","348,192","1,0339123242349"
16/09/2018,20,416,18,"1,76",Vitalis Repro,,837,,"2,10274790919952","17,4096","348,192","0,505468247403731"
17/09/2018,20,416,"18,5","1,76",Vitalis Repro,,837,,"2,10274790919952","17,4096","348,192","0,505468247403731"
18/09/2018,20,416,"18,6","1,76",Vitalis Repro,,837,,"2,10274790919952","17,4096","348,192","0,505468247403731"
19/09/2018,20,416,"18,2","0,00",Vitalis Repro,,837,,0,"17,4096","348,192",0
20/09/2018,20,416,"19,2","2,40",Vitalis Repro,,837,,"2,8673835125448","17,4096","348,192","0,68927488282327"
21/09/2018,20,416,"18,5","1,76",Vitalis Repro,,837,,"2,10274790919952","17,4096","348,192","0,505468247403731"
22/09/2018,20,416,"19,5","0,00",Vitalis Repro,,837,,0,"17,4096","348,192",0
23/09/2018,20,416,"17,7","1,76",Vitalis Repro,,837,,"2,10274790919952","17,4096","348,192","0,505468247403731"
24/09/2018,20,416,"18,5","1,76",Vitalis Repro,,837,,"2,10274790919952","17,4096","348,192","0,505468247403731"
25/09/2018,20,416,"18,4","1,92",Vitalis Repro,,837,,"2,29390681003584","17,4096","348,192","0,551419906258616"
26/09/2018,20,416,19,"1,92",Vitalis Repro,,837,,"2,29390681003584","17,4096","348,192","0,551419906258616"
27/09/2018,20,416,"18,8","0,00",Vitalis Repro,,837,,0,"17,4096","348,192",0
28/09/2018,20,416,"18,7","2,00",Vitalis Repro,,837,,"2,389486260454","17,4096","348,192","0,574395735686058"
29/09/2018,20,416,18,"1,76",Vitalis Repro,,837,,"2,10274790919952","17,4096","348,192","0,505468247403731"
30/09/2018,20,416,"18,5","0,00",Vitalis Repro,,837,,0,"17,4096","348,192",0
01/10/2018,20,452,"17,5","2,40",Vitalis Repro,,837,,"2,8673835125448","18,9162","378,324","0,634376883306372"
02/10/2018,20,452,"17,7","2,40",Vitalis Repro,,837,,"2,8673835125448","18,9162","378,324","0,634376883306372"
03/10/2018,20,452,"17,7","1,84",Vitalis Repro,,837,,"2,19832735961768","18,9162","378,324","0,486355610534885"
04/10/2018,20,452,"17,9","0,00",Vitalis Repro,,837,,0,"18,9162","378,324",0
05/10/2018,20,452,"17,8","1,84",Vitalis Repro,,837,,"2,19832735961768","18,9162","378,324","0,486355610534885"
06/10/2018,20,452,18,"1,84",Vitalis Repro,,837,,"2,19832735961768","18,9162","378,324","0,486355610534885"
07/10/2018,20,452,"18,3","2,40",Vitalis Repro,,837,,"2,8673835125448","18,9162","378,324","0,634376883306372"
08/10/2018,20,452,"17,7","0,00",Vitalis Repro,,837,,0,"18,9162","378,324",0
09/10/2018,20,452,"17,5","2,40",Vitalis Repro,,837,,"2,8673835125448","18,9162","378,324","0,634376883306372"
10/10/2018,20,452,"18,7","2,40",Vitalis Repro,,837,,"2,8673835125448","18,9162","378,324","0,634376883306372"
11/10/2018,20,452,"18,9","2,40",Vitalis Repro,,837,,"2,8673835125448","18,9162","378,324","0,634376883306372"
12/10/2018,20,452,"18,9","0,00",Vitalis Repro,,837,,0,"18,9162","378,324",0
13/10/2018,20,452,"18,7","1,92",Vitalis Repro,,837,,"2,29390681003584","18,9162","378,324","0,507501506645098"
14/10/2018,20,452,"18,8","1,92",Vitalis Repro,,837,,"2,29390681003584","18,9162","378,324","0,507501506645098"
15/10/2018,20,452,"17,8","0,00",Vitalis Repro,,837,,0,"18,9162","378,324",0
16/10/2018,20,452,"17,6","2,40",Vitalis Repro,,837,,"2,8673835125448","18,9162","378,324","0,634376883306372"
17/10/2018,20,452,"18,1","2,40",Vitalis Repro,,837,,"2,8673835125448","18,9162","378,324","0,634376883306372"
18/10/2018,20,452,"18,3","0,48",Vitalis Repro,,837,,"0,573476702508961","18,9162","378,324","0,126875376661274"
19/10/2018,20,452,"17,7","0,00",Vitalis Repro,,837,,0,"18,9162","378,324",0
20/10/2018,20,452,"17,8","1,20",Vitalis Repro,,837,,"1,4336917562724","18,9162","378,324","0,317188441653186"
21/10/2018,20,452,"18,3","1,60",Vitalis Repro,,837,,"1,9115890083632","18,9162","378,324","0,422917922204248"
22/10/2018,20,452,"18,8","0,00",Vitalis Repro,,837,,0,"18,9162","378,324",0
23/10/2018,20,452,"18,3","0,00",Vitalis Repro,,837,,0,"18,9162","378,324",0
24/10/2018,20,452,18,"1,20",Vitalis Repro,,837,,"1,4336917562724","18,9162","378,324","0,317188441653186"
25/10/2018,20,452,"17,9","2,56",Vitalis Repro,,837,,"3,05854241338112","18,9162","378,324","0,676668675526797"
26/10/2018,20,452,18,"2,40",Vitalis Repro,,837,,"2,8673835125448","18,9162","378,324","0,634376883306372"
27/10/2018,20,452,"17,6","0,00",Vitalis Repro,,837,,0,"18,9162","378,324",0
28/10/2018,20,452,"17,2","2,40",Vitalis Repro,,837,,"2,8673835125448","18,9162","378,324","0,634376883306372"
29/10/2018,20,452,17,"2,40",Vitalis Repro,,837,,"2,8673835125448","18,9162","378,324","0,634376883306372"
30/10/2018,20,452,"17,1","2,40",Vitalis Repro,,837,,"2,8673835125448","18,9162","378,324","0,634376883306372"
31/10/2018,20,452,"16,8","0,00",Vitalis Repro,,837,,0,"18,9162","378,324",0
01/11/2018,20,500,"16,8","1,20",Vitalis Repro,,837,,"1,4336917562724","20,925","418,5","0,28673835125448"
02/11/2018,20,500,"17,5","2,40",Vitalis Repro,,837,,"2,8673835125448","20,925","418,5","0,573476702508961"
03/11/2018,20,500,18,"2,40",Vitalis Repro,,837,,"2,8673835125448","20,925","418,5","0,573476702508961"
04/11/2018,20,500,"18,1","0,00",Vitalis Repro,,837,,0,"20,925","418,5",0
05/11/2018,20,500,"17,4","3,20",Vitalis Repro,,837,,"3,8231780167264","20,925","418,5","0,764635603345281"
06/11/2018,20,500,"17,4","2,88",Vitalis Repro,,837,,"3,44086021505376","20,925","418,5","0,688172043010753"
07/11/2018,20,500,"18,1","2,40",Vitalis Repro,,837,,"2,8673835125448","20,925","418,5","0,573476702508961"
08/11/2018,20,500,"18,2","0,00",Vitalis Repro,,837,,0,"20,925","418,5",0
09/11/2018,20,500,"17,4","2,40",Vitalis Repro,,837,,"2,8673835125448","20,925","418,5","0,573476702508961"
10/11/2018,20,500,"17,9","2,72",Vitalis Repro,,837,,"3,24970131421744","20,925","418,5","0,649940262843489"
11/11/2018,20,500,"17,7","0,00",Vitalis Repro,,837,,0,"20,925","418,5",0
12/11/2018,20,500,"18,2","1,60",Vitalis Repro,,837,,"1,9115890083632","20,925","418,5","0,38231780167264"
13/11/2018,20,500,"18,2","2,48",Vitalis Repro,,837,,"2,96296296296296","20,925","418,5","0,592592592592593"
14/11/2018,20,500,"18,1","3,20",Vitalis Repro,,837,,"3,8231780167264","20,925","418,5","0,764635603345281"
15/11/2018,20,500,"17,5","0,00",Vitalis Repro,,837,,0,"20,925","418,5",0
16/11/2018,20,500,"18,1","1,36",Vitalis Repro,,837,,"1,62485065710872","20,925","418,5","0,324970131421744"
17/11/2018,20,500,"17,8","1,68",Vitalis Repro,,837,,"2,00716845878136","20,925","418,5","0,401433691756272"
18/11/2018,20,500,"17,4","1,68",Vitalis Repro,,837,,"2,00716845878136","20,925","418,5","0,401433691756272"
19/11/2018,20,500,"17,2","0,00",Vitalis Repro,,837,,0,"20,925","418,5",0
20/11/2018,20,500,"17,4","1,68",Vitalis Repro,,837,,"2,00716845878136","20,925","418,5","0,401433691756272"
21/11/2018,20,500,"17,6","2,80",Vitalis Repro,,837,,"3,3452807646356","20,925","418,5","0,669056152927121"
22/11/2018,20,500,"17,5","2,40",Vitalis Repro,,837,,"2,8673835125448","20,925","418,5","0,573476702508961"
23/11/2018,20,500,"17,8","0,00",Vitalis Repro,,837,,0,"20,925","418,5",0
24/11/2018,20,500,"18,2","1,44",Vitalis Repro,,837,,"1,72043010752688","20,925","418,5","0,344086021505376"
25/11/2018,20,500,18,"1,92",Vitalis Repro,,837,,"2,29390681003584","20,925","418,5","0,458781362007168"
26/11/2018,20,500,"17,9","2,24",Vitalis Repro,,837,,"2,67622461170848","20,925","418,5","0,535244922341697"
27/11/2018,20,500,17,"0,00",Vitalis Repro,,837,,0,"20,925","418,5",0
28/11/2018,20,500,"17,4","2,16",Vitalis Repro,,837,,"2,58064516129032","20,925","418,5","0,516129032258065"
29/11/2018,20,500,"17,2","2,40",Vitalis Repro,,837,,"2,8673835125448","20,925","418,5","0,573476702508961"
30/11/2018,20,500,18,"3,20",Vitalis Repro,,837,,"3,8231780167264","20,925","418,5","0,764635603345281"
01/12/2018,20,520,"18,3","0,00",Vitalis Repro,,837,,0,"21,762","435,24",0
02/12/2018,20,520,"18,6","3,20",Vitalis Repro,,837,,"3,8231780167264","21,762","435,24","0,735226541678155"
03/12/2018,20,520,"14,6","2,56",Vitalis Repro,,837,,"3,05854241338112","21,762","435,24","0,588181233342524"
04/12/2018,20,520,"14,6","2,88",Vitalis Repro,,837,,"3,44086021505376","21,762","435,24","0,661703887510339"
05/12/2018,20,520,18,"0,00",Vitalis Repro,,837,,0,"21,762","435,24",0
06/12/2018,20,520,"18,3","2,88",Vitalis Repro,,837,,"3,44086021505376","21,762","435,24","0,661703887510339"
07/12/2018,20,520,"18,6","2,88",Vitalis Repro,,837,,"3,44086021505376","21,762","435,24","0,661703887510339"
08/12/2018,20,520,"18,7","3,12",Vitalis Repro,,837,,"3,72759856630824","21,762","435,24","0,716845878136201"
09/12/2018,20,520,"18,9","0,00",Vitalis Repro,,837,,0,"21,762","435,24",0
10/12/2018,20,520,"18,7","0,00",Vitalis Repro,,837,,0,"21,762","435,24",0
11/12/2018,20,520,"17,7","1,12",Vitalis Repro,,837,,"1,33811230585424","21,762","435,24","0,257329289587354"
12/12/2018,20,520,"17,7","0,88",Vitalis Repro,,837,,"1,05137395459976","21,762","435,24","0,202187298961492"
13/12/2018,20,520,"17,8","2,88",Vitalis Repro,,837,,"3,44086021505376","21,762","435,24","0,661703887510339"
14/12/2018,20,520,"17,8","2,88",Vitalis Repro,,837,,"3,44086021505376","21,762","435,24","0,661703887510339"
15/12/2018,20,520,18,"0,48",Vitalis Repro,,837,,"0,573476702508961","21,762","435,24","0,110283981251723"
16/12/2018,20,520,18,"2,72",Vitalis Repro,,837,,"3,24970131421744","21,762","435,24","0,624942560426431"
17/12/2018,20,520,18,"0,00",Vitalis Repro,,837,,0,"21,762","435,24",0
18/12/2018,20,520,"17,9","1,92",Vitalis Repro,,837,,"2,29390681003584","21,762","435,24","0,441135925006893"
19/12/2018,20,520,"18,5","2,40",Vitalis Repro,,837,,"2,8673835125448","21,762","435,24","0,551419906258616"
20/12/2018,20,520,"18,4","2,40",Vitalis Repro,,837,,"2,8673835125448","21,762","435,24","0,551419906258616"
21/12/2018,20,520,"18,5","0,00",Vitalis Repro,,837,,0,"21,762","435,24",0
22/12/2018,20,520,"18,6","2,88",Vitalis Repro,,837,,"3,44086021505376","21,762","435,24","0,661703887510339"
23/12/2018,20,520,"18,4","3,12",Vitalis Repro,,837,,"3,72759856630824","21,762","435,24","0,716845878136201"
24/12/2018,20,520,"18,6","2,88",Vitalis Repro,,837,,"3,44086021505376","21,762","435,24","0,661703887510339"
25/12/2018,20,520,"18,6","2,88",Vitalis Repro,,837,,"3,44086021505376","21,762","435,24","0,661703887510339"
26/12/2018,20,520,"18,5","2,88",Vitalis Repro,,837,,"3,44086021505376","21,762","435,24","0,661703887510339"
27/12/2018,20,520,"18,9","1,36",Vitalis Repro,,837,,"1,62485065710872","21,762","435,24","0,312471280213216"
28/12/2018,20,520,"18,8","1,68",Vitalis Repro,,837,,"2,00716845878136","21,762","435,24","0,385993934381031"
29/12/2018,20,520,"18,8","2,88",Vitalis Repro,,837,,"3,44086021505376","21,762","435,24","0,661703887510339"
30/12/2018,20,520,"18,7","2,88",Vitalis Repro,,837,,"3,44086021505376","21,762","435,24","0,661703887510339"
31/12/2018,20,520,"18,6","0,00",Vitalis Repro,,837,,0,"21,762","435,24",0
01/01/2019,20,560,"17,7","2,88",Vitalis Repro,8,837,,"3,44086021505376","23,436","468,72","0,614439324116743"
02/01/2019,20,560,"19,5","2,88",Vitalis Repro,8,837,,"3,44086021505376","23,436","468,72","0,614439324116743"
03/01/2019,20,560,"17,6","2,88",Vitalis Repro,8,837,,"3,44086021505376","23,436","468,72","0,614439324116743"
04/01/2019,20,560,"17,6","2,88",Vitalis Repro,8,837,,"3,44086021505376","23,436","468,72","0,614439324116743"
05/01/2019,20,560,"17,8","2,40",Vitalis Repro,8,837,,"2,8673835125448","23,436","468,72","0,512032770097286"
06/01/2019,20,560,"18,6","0,00",Vitalis Repro,8,837,,0,"23,436","468,72",0
07/01/2019,20,560,"18,1","2,40",Vitalis Repro,8,837,,"2,8673835125448","23,436","468,72","0,512032770097286"
08/01/2019,20,560,"18,1","2,88",Vitalis Repro,8,837,,"3,44086021505376","23,436","468,72","0,614439324116743"
09/01/2019,20,560,"18,8","3,12",Vitalis Repro,8,837,,"3,72759856630824","23,436","468,72","0,665642601126472"
10/01/2019,20,560,"19,7","3,20",Vitalis Repro,8,837,,"3,8231780167264","23,436","468,72","0,682710360129715"
11/01/2019,20,560,19,"3,44",Vitalis Repro,8,837,,"4,10991636798088","23,436","468,72","0,733913637139444"
12/01/2019,20,560,"17,5","2,88",Vitalis Repro,8,837,,"3,44086021505376","23,436","468,72","0,614439324116743"
13/01/2019,20,560,"17,6","2,88",Vitalis Repro,8,837,,"3,44086021505376","23,436","468,72","0,614439324116743"
14/01/2019,20,560,"18,2","0,00",Vitalis Repro,8,837,,0,"23,436","468,72",0
15/01/2019,20,560,18,"1,92",Vitalis Repro,8,837,,"2,29390681003584","23,436","468,72","0,409626216077829"
16/01/2019,20,560,"17,7","2,08",Vitalis Repro,8,837,,"2,48506571087216","23,436","468,72","0,443761734084315"
17/01/2019,20,560,"17,5","2,88",Vitalis Repro,8,837,,"3,44086021505376","23,436","468,72","0,614439324116743"
18/01/2019,20,560,"17,2","2,88",Vitalis Repro,8,837,,"3,44086021505376","23,436","468,72","0,614439324116743"
19/01/2019,20,560,"17,3","0,00",Vitalis Repro,8,837,,0,"23,436","468,72",0
20/01/2019,20,560,"17,8","2,88",Vitalis Repro,8,837,,"3,44086021505376","23,436","468,72","0,614439324116743"
21/01/2019,20,560,"17,8","2,88",Vitalis Repro,8,837,,"3,44086021505376","23,436","468,72","0,614439324116743"
22/01/2019,20,560,"17,7","0,00",Vitalis Repro,8,837,,0,"23,436","468,72",0
23/01/2019,20,560,"17,7","0,00",Vitalis Repro,8,837,,0,"23,436","468,72",0
24/01/2019,20,560,"17,5","1,28",Vitalis Repro,8,837,,"1,52927120669056","23,436","468,72","0,273084144051886"
25/01/2019,20,560,"17,5","2,00",Vitalis Repro,8,837,,"2,389486260454","23,436","468,72","0,426693975081072"
26/01/2019,20,560,"18,8","2,24",Vitalis Repro,8,837,,"2,67622461170848","23,436","468,72","0,477897252090801"
27/01/2019,20,560,"19,1","0,00",Vitalis Repro,8,837,,0,"23,436","468,72",0
28/01/2019,20,560,"19,1","0,00",Vitalis Repro,8,837,,0,"23,436","468,72",0
